provision_id,source,kind,status,applicability_justification,test_method,evidence_ids,gap_ids,adjudication_ids,solution_description,notes
AI.P1.1,"Annex I, Part I, point (1)",product-requirement,CONFORMANT,,review risk assessment completeness,E-101,,,Manufacturer-described solution; no harmonised standard applied,
AI.P1.2,"Annex I, Part I, point (2)",product-requirement,CONFORMANT,,check every letter has a decision and justification,E-102,,,Manufacturer-described solution; no harmonised standard applied,
AI.P1.2a,"Annex I, Part I, point (2)(a)",product-requirement,CONFORMANT,,run SCA against the SBOM of the shipped version,E-103,,,Manufacturer-described solution; no harmonised standard applied,
AI.P1.2b,"Annex I, Part I, point (2)(b)",product-requirement,GAP,,runtime test on test unit,E-012,CRA-G-001,,,Factory firmware ships with a shared default administrator password.
AI.P1.2c,"Annex I, Part I, point (2)(c)",product-requirement,CONFORMANT,,runtime test,E-014,,,Manufacturer-described solution; no harmonised standard applied,Automatic security updates on by default; opt-out and postponement verified.
AI.P1.2d,"Annex I, Part I, point (2)(d)",product-requirement,CONFORMANT,,two-identity authorisation tests on test resources,E-104,,,Manufacturer-described solution; no harmonised standard applied,
AI.P1.2e,"Annex I, Part I, point (2)(e)",product-requirement,CONFORMANT,,inspect data at rest on a test unit,E-105,,,Manufacturer-described solution; no harmonised standard applied,
AI.P1.2f,"Annex I, Part I, point (2)(f)",product-requirement,CONFORMANT,,attempt to install a modified update or configuration on a test unit,E-106,,,Manufacturer-described solution; no harmonised standard applied,
AI.P1.2g,"Annex I, Part I, point (2)(g)",product-requirement,CONFORMANT,,review collected and transmitted data against purposes,E-107,,,Manufacturer-described solution; no harmonised standard applied,
AI.P1.2h,"Annex I, Part I, point (2)(h)",product-requirement,BLOCKED,,load test not authorised on shared staging,,,,,Resilience evidence limited to design review.
AI.P1.2i,"Annex I, Part I, point (2)(i)",product-requirement,NOT_APPLICABLE,Risk assessment section 7: device has no capability to generate traffic towards third-party networks beyond its own backend; retry logic bounded (E-020).,design review,E-020,,ADJ-001,,
AI.P1.2j,"Annex I, Part I, point (2)(j)",product-requirement,CONFORMANT,,port and interface scan on test unit,E-108,,,Manufacturer-described solution; no harmonised standard applied,
AI.P1.2k,"Annex I, Part I, point (2)(k)",product-requirement,CONFORMANT,,inspect binaries for mitigation flags,E-109,,,Manufacturer-described solution; no harmonised standard applied,
AI.P1.2l,"Annex I, Part I, point (2)(l)",product-requirement,CONFORMANT,,generate security events on a test unit and confirm records,E-110,,,Manufacturer-described solution; no harmonised standard applied,
AI.P1.2m,"Annex I, Part I, point (2)(m)",product-requirement,CONFORMANT,,perform reset or deletion on test data and verify residual data on device and backend,E-111,,,Manufacturer-described solution; no harmonised standard applied,
AI.P2.1,"Annex I, Part II, point (1)",vulnerability-handling-requirement,CONFORMANT,,validate SBOM,E-112,,,Manufacturer-described solution; no harmonised standard applied,
AI.P2.2,"Annex I, Part II, point (2)",vulnerability-handling-requirement,CONFORMANT,,trace sample vulnerabilities from intake to fix,E-113,,,Manufacturer-described solution; no harmonised standard applied,
AI.P2.3,"Annex I, Part II, point (3)",vulnerability-handling-requirement,CONFORMANT,,review cadence and triggers,E-114,,,Manufacturer-described solution; no harmonised standard applied,
AI.P2.4,"Annex I, Part II, point (4)",vulnerability-handling-requirement,CONFORMANT,,check advisories exist for past fixed vulnerabilities and contain required elements,E-115,,,Manufacturer-described solution; no harmonised standard applied,
AI.P2.5,"Annex I, Part II, point (5)",vulnerability-handling-requirement,CONFORMANT,,send a labelled test report and observe handling,E-116,,,Manufacturer-described solution; no harmonised standard applied,
AI.P2.6,"Annex I, Part II, point (6)",vulnerability-handling-requirement,CONFORMANT,,verify contact works,E-117,,,Manufacturer-described solution; no harmonised standard applied,
AI.P2.7,"Annex I, Part II, point (7)",vulnerability-handling-requirement,CONFORMANT,,apply legitimate and tampered updates on a test unit,E-118,,,Manufacturer-described solution; no harmonised standard applied,
AI.P2.8,"Annex I, Part II, point (8)",vulnerability-handling-requirement,CONFORMANT,,review time from fix to availability,E-119,,,Manufacturer-described solution; no harmonised standard applied,
AII.1,"Annex II, point 1",user-information,CONFORMANT,,check presence and accuracy,E-120,,,Manufacturer-described solution; no harmonised standard applied,
AII.2,"Annex II, point 2",user-information,CONFORMANT,,verify link resolves,E-121,,,Manufacturer-described solution; no harmonised standard applied,
AII.3,"Annex II, point 3",user-information,CONFORMANT,,match to the assessed version,E-122,,,Manufacturer-described solution; no harmonised standard applied,
AII.4,"Annex II, point 4",user-information,CONFORMANT,,consistency with risk assessment and marketing,E-123,,,Manufacturer-described solution; no harmonised standard applied,
AII.5,"Annex II, point 5",user-information,CONFORMANT,,compare with risk assessment residual risks,E-124,,,Manufacturer-described solution; no harmonised standard applied,
AII.6,"Annex II, point 6",user-information,CONFORMANT,,verify URL,E-125,,,Manufacturer-described solution; no harmonised standard applied,
AII.7,"Annex II, point 7",user-information,CONFORMANT,,consistency with Article 13(8) determination and 13(19) display,E-126,,,Manufacturer-described solution; no harmonised standard applied,
AII.8,"Annex II, point 8",user-information,CONFORMANT,,check each sub-item,E-127,,,Manufacturer-described solution; no harmonised standard applied,
AII.8a,"Annex II, point 8(a)",user-information,CONFORMANT,,presence and adequacy,E-128,,,Manufacturer-described solution; no harmonised standard applied,
AII.8b,"Annex II, point 8(b)",user-information,CONFORMANT,,presence,E-129,,,Manufacturer-described solution; no harmonised standard applied,
AII.8c,"Annex II, point 8(c)",user-information,CONFORMANT,,presence and accuracy against the update mechanism,E-130,,,Manufacturer-described solution; no harmonised standard applied,
AII.8d,"Annex II, point 8(d)",user-information,CONFORMANT,,consistency with AI.P1.2m,E-131,,,Manufacturer-described solution; no harmonised standard applied,
AII.8e,"Annex II, point 8(e)",user-information,CONFORMANT,,consistency with AI.P1.2c,E-132,,,Manufacturer-described solution; no harmonised standard applied,
AII.8f,"Annex II, point 8(f)",user-information,CONFORMANT,,presence and adequacy,E-133,,,Manufacturer-described solution; no harmonised standard applied,
AII.9,"Annex II, point 9",user-information,CONFORMANT,,presence if applicable,E-134,,,Manufacturer-described solution; no harmonised standard applied,
AV.1,"Annex V, point 1",declaration-of-conformity,CONFORMANT,,completeness,E-135,,,Manufacturer-described solution; no harmonised standard applied,
AV.2,"Annex V, point 2",declaration-of-conformity,CONFORMANT,,completeness,E-136,,,Manufacturer-described solution; no harmonised standard applied,
AV.3,"Annex V, point 3",declaration-of-conformity,CONFORMANT,,completeness,E-137,,,Manufacturer-described solution; no harmonised standard applied,
AV.4,"Annex V, point 4",declaration-of-conformity,CONFORMANT,,completeness,E-138,,,Manufacturer-described solution; no harmonised standard applied,
AV.5,"Annex V, point 5",declaration-of-conformity,CONFORMANT,,completeness,E-139,,,Manufacturer-described solution; no harmonised standard applied,
AV.6,"Annex V, point 6",declaration-of-conformity,CONFORMANT,,consistency with Annex VII point 5,E-140,,,Manufacturer-described solution; no harmonised standard applied,
AV.7,"Annex V, point 7",declaration-of-conformity,CONFORMANT,,consistency with route,E-141,,,Manufacturer-described solution; no harmonised standard applied,
AV.8,"Annex V, point 8",declaration-of-conformity,CONFORMANT,,present as a draft,E-142,,,Manufacturer-described solution; no harmonised standard applied,
AVII.1,"Annex VII, point 1",technical-documentation,CONFORMANT,,check sub-items,E-143,,,Manufacturer-described solution; no harmonised standard applied,
AVII.1a,"Annex VII, point 1(a)",technical-documentation,CONFORMANT,,consistency with scope decision,E-144,,,Manufacturer-described solution; no harmonised standard applied,
AVII.1b,"Annex VII, point 1(b)",technical-documentation,CONFORMANT,,versions listed and traceable,E-145,,,Manufacturer-described solution; no harmonised standard applied,
AVII.1c,"Annex VII, point 1(c)",technical-documentation,NOT_ASSESSED,,,,,,,Hardware photographs to be supplied by manufacturer.
AVII.1d,"Annex VII, point 1(d)",technical-documentation,CONFORMANT,,included,E-146,,,Manufacturer-described solution; no harmonised standard applied,
AVII.2,"Annex VII, point 2",technical-documentation,CONFORMANT,,check sub-items,E-147,,,Manufacturer-described solution; no harmonised standard applied,
AVII.2a,"Annex VII, point 2(a)",technical-documentation,CONFORMANT,,architecture explains how components build on each other,E-148,,,Manufacturer-described solution; no harmonised standard applied,
AVII.2b,"Annex VII, point 2(b)",technical-documentation,CONFORMANT,,all four present and current,E-149,,,Manufacturer-described solution; no harmonised standard applied,
AVII.2c,"Annex VII, point 2(c)",technical-documentation,CONFORMANT,,presence,E-150,,,Manufacturer-described solution; no harmonised standard applied,
AVII.3,"Annex VII, point 3",technical-documentation,CONFORMANT,,per-requirement applicability present,E-151,,,Manufacturer-described solution; no harmonised standard applied,
AVII.4,"Annex VII, point 4",technical-documentation,CONFORMANT,,each Article 13(8) factor addressed,E-152,,,Manufacturer-described solution; no harmonised standard applied,
AVII.5,"Annex VII, point 5",technical-documentation,CONFORMANT,,every applicable requirement has a described solution,E-153,,,Manufacturer-described solution; no harmonised standard applied,
AVII.6,"Annex VII, point 6",technical-documentation,CONFORMANT,,reports cover Parts I and II,E-154,,,Manufacturer-described solution; no harmonised standard applied,
AVII.7,"Annex VII, point 7",technical-documentation,CONFORMANT,,present,E-155,,,Manufacturer-described solution; no harmonised standard applied,
AVII.8,"Annex VII, point 8",technical-documentation,CONFORMANT,,retrievable,E-156,,,Manufacturer-described solution; no harmonised standard applied,
A13.1,Article 13(1),manufacturer-obligation,CONFORMANT,,aggregate,E-157,,,Manufacturer-described solution; no harmonised standard applied,
A13.2,Article 13(2),manufacturer-obligation,CONFORMANT,,traceability,E-158,,,Manufacturer-described solution; no harmonised standard applied,
A13.3,Article 13(3),manufacturer-obligation,CONFORMANT,,content checklist,E-159,,,Manufacturer-described solution; no harmonised standard applied,
A13.4,Article 13(4),manufacturer-obligation,CONFORMANT,,present with justifications,E-160,,,Manufacturer-described solution; no harmonised standard applied,
A13.5,Article 13(5),manufacturer-obligation,CONFORMANT,,sample components for evidence,E-161,,,Manufacturer-described solution; no harmonised standard applied,
A13.6,Article 13(6),manufacturer-obligation,CONFORMANT,,sample cases,E-162,,,Manufacturer-described solution; no harmonised standard applied,
A13.7,Article 13(7),manufacturer-obligation,CONFORMANT,,presence and currency,E-163,,,Manufacturer-described solution; no harmonised standard applied,
A13.8,Article 13(8),manufacturer-obligation,CONFORMANT,,scripts/support_period_check.py,E-164,,,Manufacturer-described solution; no harmonised standard applied,
A13.9,Article 13(9),manufacturer-obligation,CONFORMANT,,verify old updates are retrievable,E-165,,,Manufacturer-described solution; no harmonised standard applied,
A13.10,Article 13(10),manufacturer-obligation,CONFORMANT,,conditions check,E-166,,,Manufacturer-described solution; no harmonised standard applied,
A13.11,Article 13(11),manufacturer-obligation,CONFORMANT,,risk notice present,E-167,,,Manufacturer-described solution; no harmonised standard applied,
A13.12,Article 13(12),manufacturer-obligation,CONFORMANT,,readiness,E-168,,,Manufacturer-described solution; no harmonised standard applied,
A13.13,Article 13(13),manufacturer-obligation,CONFORMANT,,dates computed,E-169,,,Manufacturer-described solution; no harmonised standard applied,
A13.14,Article 13(14),manufacturer-obligation,CONFORMANT,,presence and use,E-170,,,Manufacturer-described solution; no harmonised standard applied,
A13.15,Article 13(15),manufacturer-obligation,CONFORMANT,,presence,E-171,,,Manufacturer-described solution; no harmonised standard applied,
A13.16,Article 13(16),manufacturer-obligation,CONFORMANT,,presence,E-172,,,Manufacturer-described solution; no harmonised standard applied,
A13.17,Article 13(17),manufacturer-obligation,CONFORMANT,,verify non-automated channel exists,E-173,,,Manufacturer-described solution; no harmonised standard applied,
A13.18,Article 13(18),manufacturer-obligation,CONFORMANT,,"presence, language, retention",E-174,,,Manufacturer-described solution; no harmonised standard applied,
A13.19,Article 13(19),manufacturer-obligation,CONFORMANT,,observe,E-175,,,Manufacturer-described solution; no harmonised standard applied,
A13.20,Article 13(20),manufacturer-obligation,CONFORMANT,,presence,E-176,,,Manufacturer-described solution; no harmonised standard applied,
A13.21,Article 13(21),manufacturer-obligation,CONFORMANT,,presence,E-177,,,Manufacturer-described solution; no harmonised standard applied,
A13.22,Article 13(22),manufacturer-obligation,CONFORMANT,,can the manufacturer produce the technical documentation on request,E-178,,,Manufacturer-described solution; no harmonised standard applied,
A13.23,Article 13(23),manufacturer-obligation,CONFORMANT,,presence,E-179,,,Manufacturer-described solution; no harmonised standard applied,
A13.24,Article 13(24),manufacturer-obligation,NOT_APPLICABLE,Not a manufacturer obligation (Commission power or definition).,,,,,,
A13.25,Article 13(25),manufacturer-obligation,NOT_APPLICABLE,Not a manufacturer obligation (Commission power or definition).,,,,,,
A14.1,Article 14(1),reporting-obligation,GAP,,process review and drill,E-040,CRA-G-002,,,No single reporting platform registration; no awareness procedure.
A14.2,Article 14(2),reporting-obligation,GAP,,drill,E-040,CRA-G-002,,,
A14.3,Article 14(3),reporting-obligation,GAP,,process review,E-040,CRA-G-002,,,
A14.4,Article 14(4),reporting-obligation,GAP,,process review,E-040,CRA-G-002,,,
A14.5,Article 14(5),reporting-obligation,CONFORMANT,,criteria review,E-180,,,Manufacturer-described solution; no harmonised standard applied,
A14.6,Article 14(6),reporting-obligation,CONFORMANT,,presence,E-181,,,Manufacturer-described solution; no harmonised standard applied,
A14.7,Article 14(7),reporting-obligation,GAP,,process review,E-040,CRA-G-002,,,CSIRT not determined.
A14.8,Article 14(8),reporting-obligation,GAP,,process review,E-040,CRA-G-002,,,
A14.9,Article 14(9),reporting-obligation,NOT_APPLICABLE,Not a manufacturer obligation (Commission power or definition).,,,,,,
A14.10,Article 14(10),reporting-obligation,NOT_APPLICABLE,Not a manufacturer obligation (Commission power or definition).,,,,,,
